Samples,Groups,2-Phosphoglycerate,Acetyl CoA,Acetyl-L-carnitine,Acetylcholine,Adenine,Adenosine,Adenosine 5'-Diphosphate (ADP),Adenosine 5'-triphosphate (ATP),Adenosine-Monophosphate (AMP),Alanine,alphaKetoglutarate,Arachidonic acid,Arginine,Argininosuccinate,Asparagine,Aspartate,Beta-Alanine,Beta-Nicotinamide Adenine Dinucleotide,Betaine,Butyric acid,Carnitine,Carnosine,Choline,cis Aconitate,Citrate,Citrulline,Coenzyme A,Creatine,Creatinine,D-Glucosamine 6-phosphate,D-Ribose 5-Phosphate,Dihydronicotinamide-adenine dinucleotide phosphate (NADPH),Dihydroxyacetone Phosphate (DHAP),FAD (Flavin adenine dinucleotide),Fructose 6-Phosphate,Gamma-Aminobutyrate,gamma-Glutamylcysteine,Glucose 6-Phosphate,Glutamate,Glutamine,Glutathione disulfide (GSSG),Glutathione Reduced (GSH),Glycerol 3-Phosphate,Glycine,Histidine,Homocystine,Hydroxyproline,Hypotaurine,Isoleucine,Kynurenine,Lactate,Leucine,Linoleic acid,Linolenic acid,Lysine,Malate,Methionine,Myristic acid,N-acetyl-aspartyl-glutamate (NAAG) (nv),N-Acetyl-L-glutamine,N-Acetylaspartate,Nicotinamide adenine dinucleotide (NAD+),Nicotinamide adenine dinucleotide phosphate (NADP+),Nicotinamide adenine dinucleotide reduced (NADH),O-Phosphoethanolamine,Octanoic acid,Oleic acid,Palmitate,Pantothenate,Phenylalanine,Phosphocreatine,Phosphoenolpyruvate,Phosphoserine,Proline,Pyruvate,S-Adenosylhomocysteine,S-Adenosylmethionine,Sedoheptulose-7-phosphate (D),Serine,Taurine,Threonine,Tryptophan,Tyrosine,Valine
Control 1_1,C,681125519.4,823674976.7,4.69158E+11,41330128372,3070743814,14449689798,29140946357,1.52493E+11,16589231628,3.00664E+11,4810889426,1006250667,17272885581,478306170.5,50753293891,59047793116,2.9744E+11,14271757891,85893485147,25370721240,2.44791E+11,154217550.4,2.95132E+11,168936868.2,31912958016,168538480.6,470815751.9,2.6336E+12,4200108651,141842852.7,68621891.47,968835782.9,95557395.35,1262288620,425512806.2,11412506791,261065612.4,1828260217,6.14114E+11,7.61954E+11,375049240.3,2.02484E+11,355647938,8747237209,44720120062,47182263.57,3338685519,6129886760,3.19388E+11,14932130729,1.23554E+11,1.54369E+11,836948713.2,219915472.9,25703632372,27224683163,90351433426,4335274171,9536546729,829421829.5,13557347225,14314430512,186731534.9,721003969,45621406760,653758387.6,7685047566,3.15524E+11,91214609860,1.4585E+11,52423362481,351713426.4,137445705.4,1.06491E+12,2132953302,3105286202,2247443845,130630139.5,4661188465,14712279318,3.78565E+11,30700526140,1.46644E+11,1.92185E+11
Control 1_2,C,799637904.1,909836343.4,5.9228E+11,46444493200,5815287700,12209979933,35649705240,2.38927E+11,19936821702,3.41795E+11,4900915347,1162038499,21212308881,584298402.1,74112837161,85636119212,3.3832E+11,13497611891,1.48565E+11,21492886213,4.27386E+11,186980230.4,3.49224E+11,196740468.2,36391222891,413021330.4,592413823.9,3.31221E+12,4826279896,221824749.2,69999331.1,1159199777,75562095.88,1524820067,514810628,13401659457,367068524.7,2513824155,7.53363E+11,1.10691E+12,578191081.4,2.32627E+11,393606243,8268186399,22522468079,52919583.8,5887645634,7364750056,5.29146E+11,25646405351,1.15114E+11,2.80843E+11,1104755481,287422147.9,37317486734,35131543069,2.14357E+11,4437996878,10600796135,1649656931,17982439836,13531105463,289321664.8,701214938.7,58128262802,806566332.2,10133869640,3.57782E+11,1.10888E+11,2.62798E+11,68418644667,425482943.1,57734225.2,2.0121E+12,2487070531,4175968190,3096493497,159456335.9,4223617094,21876926644,6.42182E+11,52457829506,2.41765E+11,2.99737E+11
Control 1_3,C,678444044,718113313.3,5.87336E+11,60862479546,9022921588,15201543944,29137931532,1.94923E+11,16859279546,2.60192E+11,3787499499,1332617951,15679645512,430206006,64929146747,70791371638,2.57192E+11,7891096964,1.47907E+11,31034420020,3.56371E+11,223194661.3,3.06875E+11,198256189.5,31726294828,364499833.2,406074808.1,2.78764E+12,3989883217,149459259.3,54468335,1026977911,68913313.31,1306291892,394702902.9,12826137070,349059926.6,1710257991,6.33722E+11,8.73707E+11,359705972.6,1.86458E+11,332898164.8,10986919720,24664972172,31327193.86,5750806807,8597237237,4.9726E+11,26510527594,1.3382E+11,2.43925E+11,973359893.2,358744878.2,33973766834,26322552953,1.88496E+11,3940453253,5945106173,1089210878,14275840641,7911422356,116958959,440676609.9,42372873140,881385585.6,8879175175,2.61733E+11,81064719119,2.37732E+11,46986122122,405626159.5,78016549.88,1.6859E+12,2127675943,3606030030,2336676944,153020353.7,5514216617,19023360427,5.60589E+11,44458436036,2.26696E+11,2.78124E+11
Control 1_4,C,718391112.7,915663900.1,6.21956E+11,46874098274,5622377672,14179550202,33221140213,2.03748E+11,20406434080,3.05773E+11,5195755858,1098080426,21845696071,532219537.3,62287822549,69922860375,3.02529E+11,13446738450,1.11108E+11,26284273522,3.44532E+11,204479544.6,3.3658E+11,187166434.1,35249904958,326055820.8,554672273.2,3.28264E+12,4826996401,180499742.9,70800514.14,1069611531,91726992.29,1542132060,447476900.5,13247051634,354784282,2177180022,7.1242E+11,9.45667E+11,510629599.7,2.3698E+11,393640029.4,12626426735,39223472934,45352993.02,5339336908,7217372604,4.24115E+11,23222812486,1.29712E+11,2.05822E+11,1059229820,313673742.2,33900903415,29208732721,1.3627E+11,4538617701,9688248549,1063820345,16341736026,13480121631,259437238.3,689830921.8,50955972677,838600367.2,9319864855,3.22557E+11,1.0239E+11,1.95796E+11,58748032611,415834667.6,163559015.8,1.49922E+12,2458515755,3989641425,2523863680,160247961.8,7132670731,17468429820,5.11486E+11,39047742049,1.99037E+11,2.48809E+11
Control 1_5,C,428830193.5,1582586968,5.54852E+12,3.97188E+11,1710915226,9887397161,19994291613,4.55403E+11,31198317419,5.39103E+11,11400050581,1493653161,43039013161,482245290.3,54392683355,1.82468E+11,5.35457E+11,53743376516,1.91311E+11,66714045935,1.41687E+12,0,6.02073E+11,190302967.7,58669056000,1222431355,1663451613,4.98241E+12,7556108387,2309879226,495607483.9,1738306581,9094709.677,2905087226,857907612.9,3.05655E+11,232337935.5,7414331355,1.0171E+12,5.14173E+12,3138881548,6.7893E+11,758989419.4,19135258839,1.17083E+11,77303741.94,3568279484,7256582194,8.66991E+11,1533661935,2.42122E+11,4.34199E+11,4542410839,1816935742,73594384516,52752792774,4.7554E+11,9943326968,1.24983E+11,12721325419,86113346065,53842233806,2075053806,2721956903,3.12472E+11,641753548.4,13860378839,6.37723E+11,4.8489E+11,4.99526E+11,49706458839,168488774.2,111253290.3,3.51032E+12,7528448000,3608569290,6018896516,3051777290,19386607484,56493943742,1.2575E+12,2.47901E+11,6.74185E+11,5.73984E+11
Control 1_6,C,395273785.3,1389679209,3.53633E+12,2.51343E+11,1117625085,7573080226,22118803164,4.39251E+11,25250605198,4.31847E+11,12373970621,1082478757,43167793898,421222598.9,50314388249,1.56545E+11,4.28663E+11,55215522712,1.06683E+11,30631137627,9.89095E+11,0,4.09169E+11,140222259.9,44798394576,828258418.1,1465645198,4.10675E+12,5529435028,1520484520,401210169.5,1873673785,21025423.73,2821816045,625738079.1,2.93682E+11,255011525.4,6063836384,8.66862E+11,4.05838E+12,2454185989,6.36291E+11,748419548,17460991638,82383085198,50836610.17,2509806328,8922842938,6.64477E+11,1137807684,1.58152E+11,3.30243E+11,3151449944,1090887232,58232873220,45987829153,3.08147E+11,7349405650,1.29045E+11,10109591864,78992618305,55424430282,1758853898,2798078644,2.90982E+11,484303502.8,10052919322,4.79472E+11,4.3705E+11,3.89555E+11,52621859435,168505988.7,167191638.4,1.88889E+12,5837100565,3214038870,5453114124,1608214463,17195993672,50689598192,8.60594E+11,1.82695E+11,5.22863E+11,4.5337E+11
Control 1_7,C,440245628.7,1515382036,4.26242E+12,2.45004E+11,1433965509,9937624910,44748232814,5.76437E+11,33852121677,4.28985E+11,11811966467,1306928982,48882989222,508970658.7,59582455569,2.42991E+11,4.25976E+11,53179972216,1.18602E+11,26935275689,1.16563E+12,0,4.25875E+11,131073892.2,43778632814,1066851138,1622453174,4.46043E+12,6253874491,1539512455,510721437.1,2217536766,19396526.95,3185029222,548602275.4,3.04019E+11,295082515,6368578683,1.05218E+12,4.57184E+12,2455755928,6.26397E+11,855407305.4,19182626108,61110530299,52493413.17,3073767665,9783281437,8.08194E+11,1409398084,1.24444E+11,3.70287E+11,3104078323,1488909940,71577860599,60010075210,3.92573E+11,7882108743,1.49169E+11,10972077605,86620343952,53297958323,2392126467,2646318563,3.02929E+11,552533173.7,10603156886,5.42521E+11,4.76896E+11,4.58843E+11,63884481916,206406946.1,183462275.4,2.37309E+12,5211096048,3668386826,6180657246,1725648862,20610069461,55603226826,1.05894E+12,2.35639E+11,6.08225E+11,5.10988E+11
Control 1_8,C,222564482.8,976768505.7,3.64101E+12,3.45781E+11,6748949425,15838839540,1.09071E+11,3.88813E+11,1.27793E+11,3.39878E+11,5424267126,2101571954,32034982989,484574023,70792069885,5.55006E+11,3.36535E+11,24209423448,2.68512E+11,64451244138,2.09131E+12,0,7.67555E+11,152763103.4,38289986207,2720584368,1421204483,4.40231E+12,7280304828,1744787701,409536896.6,786284023,0,2516131724,321957816.1,3.49225E+11,1249562759,7415492874,1.07001E+12,4.24369E+12,3054703678,4.58792E+11,503958505.7,19577910805,99537588966,71724597.7,4290772414,9262243678,1.05064E+12,2103103218,65006528736,5.64664E+11,5285401839,2644161609,97759117241,72619659770,8.39201E+11,9203689195,67702363218,13809271724,70048853333,24264478161,2433723448,1250599425,2.98053E+11,706607471.3,18651731494,5.59334E+11,2.68481E+11,6.36553E+11,10339601839,69540114.94,39912758.62,4.01332E+12,3780123908,7622538851,7391362299,1185421609,16251117241,46528812874,1.54498E+12,3.39634E+11,8.68967E+11,6.80531E+11
Mutant 1_1,M,1638885088,1233173509,3.05491E+12,33529650526,3245131228,52603239298,77258745263,4.06576E+11,26686894035,5.76807E+11,24738515088,1075842632,1.02413E+11,1634434211,32424839298,90363098947,5.73216E+11,51613237895,85420620351,6505462456,1.51102E+12,31962631.58,1.86594E+11,497590877.2,1.02329E+11,524114736.8,1068194737,9.6551E+12,21325925614,541577543.9,449048596.5,4754233333,200147543.9,3432310175,1496865439,2.96598E+11,106432456.1,8141536842,1.22426E+12,5.49075E+12,1878203333,9.35494E+11,1228481053,24621117193,98853681404,24345789.47,8071528421,11260362807,6.04497E+11,2107413509,3.59495E+11,3.27986E+11,2635021579,554745614,66554537544,52589625263,3.34108E+11,11441840702,1.58492E+11,5648683860,99249347368,51722795789,711523684.2,2612252456,96337190175,765539649.1,13369461053,9.79082E+11,3.39778E+11,4.86604E+11,5.10909E+11,753918421.1,160903333.3,3.11096E+12,8329655439,6347491930,4398208070,2893091228,11109738947,70945566316,6.85835E+11,2.30094E+11,5.52454E+11,4.57889E+11
Mutant 1_2,M,2010529020,1310115490,2.84845E+12,20126916078,2262124118,46159752157,32726280784,5.78474E+11,29342130196,5.54055E+11,32054305882,1108438039,1.24929E+11,1943057647,37826155294,1.03416E+11,5.5078E+11,76519134118,74469245490,5749836471,1.31072E+12,60482156.86,1.62519E+11,659281176.5,1.17441E+11,460632549,1134554902,9.88246E+12,16217651765,438374509.8,527039607.8,6084734118,283707058.8,3952165098,1315039412,2.84872E+11,105624509.8,7276127843,1.31493E+12,5.60574E+12,2592075882,9.85385E+11,1570921373,32147259608,20788216471,46080980.39,9791246275,9471020392,5.4706E+11,2996108627,3.34141E+11,3.30204E+11,2788981373,335800784.3,72336815686,60091306667,3.36857E+11,12202282353,1.79208E+11,6500814118,1.09087E+11,76693898039,789840196.1,3914730588,95565038431,678650000,16051327059,8.76499E+11,3.99985E+11,4.97969E+11,4.93632E+11,1031831765,268445882.4,2.22732E+12,9632219608,6757099608,4595387843,2180707059,15323264314,69589490196,6.57619E+11,2.47046E+11,6.09649E+11,4.73445E+11
Mutant 1_3,M,1660537069,1032523448,2.61397E+12,32376035862,1799068966,39198642759,26543464828,4.11545E+11,24523142069,5.23034E+11,28648993103,843650000,97683420690,1849736897,30296027586,88387194483,5.19841E+11,66184474483,73997246897,5455789310,1.06427E+12,55320862.07,1.76128E+11,617486896.6,1.09708E+11,316482069,818271034.5,8.36524E+12,13977059310,417523103.4,448100344.8,5455373448,302109655.2,3309068276,976004827.6,2.35293E+11,89756379.31,6424127586,1.0694E+12,4.61883E+12,1626583276,8.75684E+11,1364275000,26318019310,82133561379,27249310.34,8120162069,8452441379,4.96614E+11,2315332759,3.37247E+11,2.85376E+11,2851366379,728722586.2,57839337931,56728557241,2.69511E+11,8748152414,1.48329E+11,4900932414,92923939310,66405600000,434188103.4,3231447931,83209677241,567098793.1,11318605517,5.97682E+11,3.37563E+11,4.02761E+11,4.14936E+11,754623275.9,272152931,1.91487E+12,9409989655,5868384138,3820445517,1398225345,13636379310,60190714483,5.36871E+11,2.01504E+11,4.9486E+11,4.1348E+11
Mutant 1_4,M,1664072480,1085283200,4.0225E+12,15090862080,6941818880,57632983040,46316318720,4.81198E+11,54284518400,5.39747E+11,13023605760,1253510560,1.02976E+11,1278324160,36549739520,1.31149E+11,5.36026E+11,25430681600,66184652800,5311940480,1.70772E+12,65573440,1.39046E+11,316985120,70721044480,846663680,1063854720,9.87579E+12,21159232000,458789440,408789920,3800875520,26628320,3479001280,740570560,3.01554E+11,160060800,6690307840,1.28118E+12,5.42848E+12,2297344480,8.50573E+11,835089920,28493816320,69848652800,17941440,8709829120,10647626880,6.06481E+11,2828160960,1.76746E+11,3.00438E+11,2015053600,420761600,77633382400,43644303360,4.43131E+11,10978524160,1.34427E+11,5841368320,99721963520,25480417280,624370080,1275834560,96755916800,545843360,12772624640,9.43867E+11,2.90107E+11,5.54124E+11,2.6377E+11,846625600,109835360,4.08479E+12,3844486080,8022398720,4106091840,2314707840,11420720640,66675589120,8.21204E+11,2.60587E+11,6.07904E+11,4.58461E+11
Mutant 1_5,M,228996821.2,1017144636,3.93546E+11,1.48193E+11,9539127947,9150291921,70982416954,3.45834E+11,70835246623,3.54687E+11,3664842384,1404601060,28891683179,576398675.5,88176283974,6.33379E+11,3.49338E+11,37474276026,1.6912E+11,55911001854,1.6393E+12,0,3.67508E+11,165756821.2,48812198146,1513258013,1829218940,8.62999E+12,17523824106,1734370596,226596556.3,470646755,0,2371919470,318258145.7,9.26512E+11,681712715.2,6384706225,1.29686E+12,4.52492E+12,4594945166,5.31053E+11,352108609.3,30726179603,2.50607E+11,152512847.7,7383840000,60609462252,1.29863E+12,21992243709,47558561060,6.56641E+11,3173095894,1661194967,1.07254E+11,68413592583,1.06222E+12,8905610596,92264197086,8976919735,86074184901,37568067815,2293508079,1934835762,2.74406E+11,1121244238,12920957881,6.08994E+11,3.94252E+11,1.13886E+12,56851314437,57856158.94,84781589.4,1.86805E+12,3559400000,6978356026,4746099073,1587636821,32692634702,55384163179,1.82817E+12,5.30837E+11,1.49881E+12,9.87053E+11
Mutant 1_6,M,215239021,1139079021,3.93312E+11,1.19931E+11,5020494545,8073659860,58971443916,3.85985E+11,63964562797,3.35526E+11,4019424056,1083835944,36366290350,720187412.6,1.06106E+11,6.8833E+11,3.29937E+11,40001561958,1.02397E+11,38227737063,1.25342E+12,0,2.80264E+11,147140559.4,43123647552,1303065035,1990111189,8.82856E+12,18968179021,1568418182,282423776.2,840831328.7,20420699.3,2810924196,315210069.9,7.51057E+11,863720559.4,5664112448,1.31373E+12,4.04231E+12,3688649231,5.74141E+11,416439720.3,38289445594,2.41785E+11,173363076.9,7701285035,60778226573,1.11529E+12,22821122238,35143917203,6.38864E+11,2604254266,1309608392,99709717483,70930031888,7.85971E+11,8453485874,1.22074E+11,8020574545,91222681958,40100663497,2353623776,2046011888,2.47365E+11,819347692.3,10325435524,5.81913E+11,4.10186E+11,1.06554E+12,89593814825,60130209.79,149811049,1.22724E+12,2866238881,6829438881,5002414545,1504494685,42755481958,56785642517,1.59052E+12,4.73278E+11,1.32854E+12,8.91426E+11
Mutant 1_7,M,485243310.3,1262726897,9.6032E+11,1.31546E+11,6675548138,13518211310,45580619034,3.79453E+11,43440498759,5.05788E+11,5168131310,1114832828,50990230069,717347034.5,83903505655,3.60322E+11,5.00711E+11,36560628966,1.20017E+11,1.44153E+11,1.07641E+12,9722206.897,4.19403E+11,279752000,71635164690,1152947448,1462362897,8.16358E+12,21035661241,1685864000,633220689.7,1210296138,95956689.66,2635456552,1116508552,6.47869E+11,808516965.5,5892464552,1.40879E+12,3.44606E+12,3790952552,5.86752E+11,553457103.4,32209798621,1.6545E+11,108710069,6654242207,67479587310,1.08638E+12,24222280828,2.58353E+11,5.68326E+11,3360481931,1283489931,1.07065E+11,63033838345,6.93E+11,11665300966,1.0316E+11,4565469241,80577641931,36651147034,1244228828,1934952414,2.00298E+11,1251736000,13528603586,6.13298E+11,4.37853E+11,8.68235E+11,2.08413E+11,119976965.5,259020827.6,1.52825E+12,8034768552,6564028138,4225987034,3039641931,41184812138,57225110069,1.41782E+12,4.22855E+11,1.1779E+12,8.10694E+11
Mutant 1_8,M,374391076.9,795909076.9,3.06995E+11,1.58946E+11,15753462154,24500137846,74084928000,1.74157E+11,1.18525E+11,4.01959E+11,4479699692,2274863538,28758062769,548344000,1.05325E+11,5.92502E+11,3.95426E+11,19329313231,2.91804E+11,1.13223E+11,1.22864E+12,0,7.09819E+11,202300307.7,70402067692,2240025846,1162965692,7.93258E+12,18771240615,1158509538,381797846.2,265340769.2,0,1805927385,425178307.7,9.46899E+11,1037468923,5501862154,1.52282E+12,2.12165E+12,4037906462,4.13456E+11,409908153.8,30616492308,1.49915E+11,75796769.23,6825574154,65238616615,1.20801E+12,25690653538,93550808615,6.6485E+11,5013300000,2450118308,1.1754E+11,78313068308,1.19814E+12,13815367385,37627652923,5659149538,63705422769,19375124923,1410599231,973694000,1.6611E+11,2006051538,25413984000,7.16207E+11,1.57062E+11,1.09857E+12,33854621538,75315384.62,72370307.69,1.37896E+12,4285818769,8117057846,4234996308,989779846.2,26279271385,45526680615,1.65618E+12,5.21934E+11,1.51755E+12,1.04399E+12
,,,,,,,,,,,,,,,,,,,,,,,,,,,,,,,,,,,,,,,,,,,,,,,,,,,,,,,,,,,,,,,,,,,,,,,,,,,,,,,,,,,,,
,,,,,,,,,,,,,,,,,,,,,,,,,,,,,,,,,,,,,,,,,,,,,,,,,,,,,,,,,,,,,,,,,,,,,,,,,,,,,,,,,,,,,
,,,,,,,,,,,,,,,,,,,,,,,,,,,,,,,,,,,,,,,,,,,,,,,,,,,,,,,,,,,,,,,,,,,,,,,,,,,,,,,,,,,,,
,,,,,,,,,,,,,,,,,,,,,,,,,,,,,,,,,,,,,,,,,,,,,,,,,,,,,,,,,,,,,,,,,,,,,,,,,,,,,,,,,,,,,
,,,,,,,,,,,,,,,,,,,,,,,,,,,,,,,,,,,,,,,,,,,,,,,,,,,,,,,,,,,,,,,,,,,,,,,,,,,,,,,,,,,,,
,,,,,,,,,,,,,,,,,,,,,,,,,,,,,,,,,,,,,,,,,,,,,,,,,,,,,,,,,,,,,,,,,,,,,,,,,,,,,,,,,,,,,
,,,,,,,,,,,,,,,,,,,,,,,,,,,,,,,,,,,,,,,,,,,,,,,,,,,,,,,,,,,,,,,,,,,,,,,,,,,,,,,,,,,,,
,,,,,,,,,,,,,,,,,,,,,,,,,,,,,,,,,,,,,,,,,,,,,,,,,,,,,,,,,,,,,,,,,,,,,,,,,,,,,,,,,,,,,
